id,name,ra_deg,dec_deg,l_deg,b_deg,dist_kpc,dist_src,X_kpc,Y_kpc,Z_kpc,Rgc_kpc,V_mag,M_V,FeH,EBV,BV,vr_kms,conc_c,Rh_arcmin,logTh,muV,pmRA,pmDE,e_pmRA,e_pmDE,plx,Nstar_gaia,Mass_Msun,ML_V,rh_pc,sigma0,Vesc_kms,logTRH,RV_bh,in_harris,in_vb2021,in_bh2018,has_dist
DJORG2,E456-SC38,270.45,-27.826,2.76,-2.51,8.1967,GaiaEDR3plx,0.095642,-0.39431,-0.35897,0.54174,9.9,-8.9,,1,,,1.5,0.83,,19.5,0.662,-2.983,0.042,0.037,0.122,16,,,,,,,,True,True,False,True
LILLER1,LILLER1,263.35,-33.39,354.84,-0.16,8.1,BH2018,0.20786,0.72849,-0.022619,0.7579,16.77,-7.58,0.22,2.98,,52,2.3,0.45,,23.15,-5.403,-7.431,0.109,0.077,-0.089,83,6.66e+05,1.48,1.11,23.2,94.3,8.61,58.2,True,True,True,True
NGC6522,NGC6522,270.89,-30.034,1.02,-3.93,7.7,BH2018,0.59432,-0.13675,-0.52774,0.80649,8.27,-7.51,-1.52,0.5,1.21,-15,2.5,1.04,8.25,16.14,2.566,-6.438,0.039,0.036,0.125,63,3.92e+05,3.31,4.34,8.2,33.3,9.75,-14,True,True,True,True
NGC6355,NGC6355,260.99,-26.353,359.58,5.43,8.7,BH2018,-0.38573,0.063488,0.82328,0.91137,9.14,-7.44,-1.5,0.75,1.48,-176.9,2.5,0.87,8.47,18.05,-4.738,-0.572,0.031,0.03,0.15,63,1.53e+05,1.22,2.64,6.2,24.6,9.09,-196.4,True,True,True,True
NGC6528,NGC6528,271.21,-30.056,1.14,-4.17,7.45,BH2018,0.84619,-0.14783,-0.54173,1.0156,9.6,-6.68,-0.17,0.62,1.53,184.9,2.29,0.43,7.73,16.91,-2.157,-5.649,0.043,0.039,0.125,24,89600,2.26,1.97,6.4,26.3,8.65,211,True,True,True,True
NGC6440,NGC6440,267.22,-20.36,7.73,3.8,8.24,BH2018,0.12783,-1.1059,0.5461,1.24,9.2,-8.7,-0.34,1.09,1.97,-78.7,1.7,0.58,8.15,17.02,-1.187,-4.02,0.036,0.035,0.149,86,4.42e+05,2.04,1.25,15.8,61.7,8.63,-67.8,True,True,True,True
PAL6,PAL6,265.93,-26.223,2.09,1.78,9.6154,GaiaEDR3plx,-1.3294,-0.3505,0.29867,1.4069,11.55,-7.32,-0.1,1.53,2.83,201,1.1,1.06,,21.58,-9.222,-5.347,0.038,0.036,0.104,29,,,,,,,,True,True,False,True
NGC6273,M 19,255.66,-26.268,356.87,9.38,8.24,BH2018,0.1573,0.4439,1.343,1.4232,6.77,-9.03,-1.68,0.37,1.03,135,1.53,1.25,9.28,16.82,-3.249,1.66,0.026,0.025,0.142,1435,6.8e+05,2.09,3.13,11,42.5,9.53,145.3,True,True,True,True
TERZAN5,Terzan 11,267.02,-24.779,3.81,1.67,6.8966,GaiaEDR3plx,1.3966,-0.45807,0.20099,1.4835,13.85,-7.86,-0.28,2.32,2.77,-94,1.74,0.83,,20.33,-1.989,-5.243,0.068,0.066,0.145,45,5.66e+05,1.31,1.14,19,72.1,8.59,-82.3,True,True,True,True
TERZAN10,TERZAN10,270.74,-26.073,4.42,-1.86,6.8966,GaiaEDR3plx,1.4026,-0.53122,-0.22384,1.5164,14.9,-7.77,-0.7,2.6,,,,,,21.28,-6.827,-2.588,0.059,0.05,0.145,48,,,,,,,,True,True,False,True
NGC6304,NGC6304,258.63,-29.462,355.83,5.38,9.4,BH2018,-1.0588,0.68052,0.88135,1.5365,8.22,-7.27,-0.59,0.52,1.31,-107.3,1.8,1.41,8.56,17.34,-4.07,-1.088,0.029,0.028,0.169,105,2.77e+05,1.37,4.45,5.7,23,9.49,-108.2,True,True,True,True
HP1,BH 229,262.77,-29.982,357.42,2.12,6.8,BH2018,1.4865,0.30589,0.25155,1.5384,11.59,-6.39,-1.5,1.19,,53.1,2.5,3.1,9.49,21.29,2.523,-10.093,0.039,0.037,0.124,25,1.11e+05,5.04,2.55,5.5,21.3,8.95,40.1,True,True,True,True
NGC6637,M 69,277.85,-32.348,1.72,-10.27,8.6207,GaiaEDR3plx,-0.20375,-0.25461,-1.537,1.5712,7.64,-7.47,-0.71,0.17,1.01,39.9,1.39,0.83,8.69,16.83,-5.034,-5.832,0.028,0.028,0.116,388,,,,,,,,True,True,False,True
NGC6342,NGC6342,260.29,-19.587,4.9,9.73,8.43,BH2018,-0.0033694,-0.70971,1.4247,1.5917,9.66,-6.49,-0.65,0.44,1.26,80.9,2.5,0.88,8.58,17.44,-2.903,-7.116,0.027,0.026,0.141,194,46400,2.82,2.1,4.5,17,8.53,116,True,True,True,True
NGC6638,NGC6638,277.73,-25.497,7.9,-7.15,8.6957,GaiaEDR3plx,-0.27115,-1.1859,-1.0823,1.6283,9.02,-6.78,-0.99,0.4,1.15,18.1,1.4,0.66,8.02,17.27,-2.518,-4.076,0.029,0.029,0.115,152,,,,,,,,True,True,False,True
NGC6652,NGC6652,278.94,-32.991,1.53,-11.38,8.4034,GaiaEDR3plx,0.039785,-0.21996,-1.6581,1.6731,8.62,-6.52,-0.96,0.09,0.94,-111.7,1.8,0.65,8.5,16.31,-5.484,-4.274,0.027,0.027,0.119,319,,,,,,,,True,True,False,True
NGC6642,NGC6642,277.98,-23.475,9.81,-6.44,8.05,BH2018,0.39276,-1.3629,-0.90291,1.6814,9.13,-6.52,-1.35,0.4,1.11,-57.2,1.99,0.73,8.25,16.68,-0.173,-3.892,0.03,0.03,0.126,60,87200,1.77,1.5,6.9,27.5,8.36,-33,True,True,True,True
NGC6624,NGC6624,275.92,-30.361,2.79,-7.91,7,BH2018,1.3498,-0.33749,-0.96332,1.6923,7.87,-7.45,-0.42,0.27,1.11,53.9,2.5,0.82,8.5,15.42,0.124,-6.936,0.029,0.029,0.13,120,73100,1.02,1.49,6.1,24.4,8.4,54.7,True,True,True,True
NGC6401,NGC6401,264.65,-23.91,3.45,3.98,6.7114,GaiaEDR3plx,1.5919,-0.4029,0.46583,1.7069,9.45,-7.57,-1.12,0.85,1.58,-65,1.69,1.91,9.13,18.67,-2.748,1.444,0.035,0.034,0.149,40,,,,,,,,True,True,False,True
NGC6293,NGC6293,257.54,-26.582,357.62,7.83,9.5,BH2018,-1.1283,0.39083,1.2942,1.7609,8.22,-7.72,-1.92,0.39,0.96,-98.9,2.5,0.91,8.52,16.18,0.87,-4.326,0.028,0.028,0.127,194,1.88e+05,1.67,2.76,7.5,29.9,9.17,-142.6,True,True,True,True
TERZAN2,HP 3,261.89,-30.802,356.32,2.3,9.901,GaiaEDR3plx,-1.5976,0.63497,0.39734,1.7645,14.29,-5,-0.25,1.42,,109,2.5,1.52,8.55,21.58,-2.17,-6.263,0.041,0.038,0.101,63,,,,,,,,True,True,False,True
NGC6333,M 9,259.8,-18.516,5.54,10.7,7.4074,GaiaEDR3plx,1.0304,-0.70268,1.3753,1.8566,7.72,-7.99,-1.72,0.36,0.97,229.1,1.15,0.95,8.49,17.4,-2.18,-3.222,0.026,0.026,0.135,803,,,,,,,,True,True,False,True
TERZAN9,TERZAN9,270.41,-26.84,3.6,-1.99,6.4516,GaiaEDR3plx,1.84,-0.40486,-0.22403,1.8973,16,-3.88,-1,1.75,,59,2.5,0.78,,23.21,-2.121,-7.763,0.052,0.049,0.155,33,,,,,,,,True,True,False,True
1636-283,ESO452-SC11,249.85,-28.399,351.91,12.1,7.8,BH2018,0.72419,1.0733,1.635,2.0856,12,-3.96,,0.5,,16.4,,,,20.75,-1.423,-6.472,0.031,0.03,0.162,143,10600,3.38,3.66,1.6,6.3,8.73,16.4,True,True,True,True
NGC6558,NGC6558,272.57,-31.764,0.2,-6.03,6.3,BH2018,2.0099,-0.021869,-0.66181,2.1162,9.26,-6.08,-1.44,0.42,1.11,-143.7,2.5,1.61,9.13,17.08,-1.72,-4.144,0.036,0.034,0.149,56,29300,1.05,1.77,3.5,13.7,8.26,-195.6,True,True,True,True
NGC6287,NGC6287,256.29,-22.708,0.13,11.02,6.7114,GaiaEDR3plx,1.6874,-0.014947,1.2829,2.1197,9.35,-7.11,-2.05,0.59,1.2,-208,1.6,0.75,8.14,18.33,-5.01,-1.883,0.029,0.028,0.149,201,,,,,,,,True,True,False,True
NGC6453,NGC6453,267.71,-34.599,355.72,-3.87,10.204,GaiaEDR3plx,-1.8774,0.7598,-0.6887,2.1392,10.08,-7,-1.53,0.61,1.31,-83.7,2.5,0.37,7.97,17.35,0.203,-5.934,0.036,0.037,0.098,23,,,,,,,,True,True,False,True
NGC6681,M 70,280.8,-32.292,2.85,-12.51,9.2,BH2018,-0.69547,-0.44658,-1.9928,2.1574,7.87,-7.06,-1.51,0.07,0.72,218.6,2.5,0.93,8.4,15.28,1.431,-4.744,0.027,0.026,0.121,857,1.13e+05,2,2.1,7.1,26.4,8.76,217.4,True,True,True,True
NGC6266,M 62,255.3,-30.114,353.58,7.32,6.47,BH2018,1.898,0.71755,0.82435,2.1901,6.45,-9.14,-1.29,0.47,1.19,-65.8,1.7,1.23,8.55,15.35,-4.978,-2.947,0.026,0.026,0.185,1100,7.07e+05,2.57,1.83,15.2,60.9,9.13,-74.5,True,True,True,True
TON2,Pismis 26,264.04,-38.553,350.8,-3.42,6.4,BH2018,1.9686,1.0214,-0.38179,2.2504,12.24,-6.09,-0.5,1.24,,-183.8,1.3,1.08,,22.16,-5.904,-0.755,0.031,0.029,0.143,83,80100,5.31,4.45,2.9,11.8,9.18,-183.8,True,True,True,True
NGC6541,NGC6541,272.01,-43.715,349.29,-11.18,8.63,BH2018,-0.043749,1.5733,-1.6733,2.2972,6.3,-8.42,-1.83,0.12,0.76,-156.2,2,1.19,8.58,15.58,0.287,-8.847,0.025,0.025,0.145,2555,2.77e+05,1.42,2.61,8.7,36.5,9.21,-163.9,True,True,True,True
NGC6325,NGC6325,259.5,-23.766,0.97,8,6.1728,GaiaEDR3plx,2.1631,-0.10348,0.85909,2.3298,10.33,-7.3,-1.17,0.89,1.66,3.1,2.5,0.94,7.91,17.56,-8.289,-9,0.03,0.029,0.162,106,,,,,,,,True,True,False,True
PAL8,PAL8,280.38,-19.826,14.1,-6.8,8.6957,GaiaEDR3plx,-0.099343,-2.1035,-1.0296,2.3441,11.02,-5.47,-0.48,0.33,1.22,-43,1.53,0.57,9.02,19.83,-1.987,-5.694,0.027,0.027,0.115,133,,,,,,,,True,True,False,True
DJORG1,DJORG1,266.87,-33.066,356.67,-2.48,10.638,GaiaEDR3plx,-2.3354,0.61737,-0.46033,2.4591,13.6,-6.5,,1.7,,,1.5,1.26,,23.1,-4.693,-8.468,0.046,0.041,0.094,64,,,,,,,,True,True,False,True
NGC6380,Ton 1,263.62,-39.069,350.18,-3.42,10.101,GaiaEDR3plx,-1.6603,1.7197,-0.60257,2.4652,11.31,,,1.38,2.01,,1.55,0.75,7.65,19.96,-2.183,-3.233,0.031,0.03,0.099,109,,,,,,,,True,True,False,True
NGC6256,NGC6256,254.89,-37.121,347.79,3.31,6.4,BH2018,2.0302,1.3513,0.36952,2.4666,11.29,-6.16,-0.7,0.84,1.69,-99.6,2.5,0.85,8.41,17.89,-3.715,-1.637,0.031,0.03,0.162,102,72300,2.23,2.93,4.5,17.7,8.96,-99.6,True,True,True,True
NGC6717,Pal 9,283.77,-22.701,12.88,-10.9,8.547,GaiaEDR3plx,0.093361,-1.8708,-1.6162,2.474,9.28,-5.62,-1.29,0.21,1,22.8,2.07,0.68,8.14,16.48,-3.125,-5.008,0.027,0.027,0.117,284,,,,,,,,True,True,False,True
NGC6723,NGC6723,284.89,-36.632,0.07,-17.3,8.2,BH2018,0.44597,-0.009565,-2.4385,2.4789,7.01,-7.81,-1.12,0.05,0.75,-94.5,1.05,1.61,8.94,17.92,1.028,-2.418,0.025,0.025,0.132,2330,1.57e+05,1.77,3.5,5.3,19,9.14,-94.4,True,True,True,True
TERZAN3,TERZAN3,247.17,-35.353,345.08,9.19,7.5188,GaiaEDR3plx,1.1029,1.911,1.2008,2.5121,12,-6.1,,0.32,,-135.7,0.7,1.3,,22.52,-5.577,-1.76,0.027,0.026,0.133,331,54600,7.7,5.27,2.4,9.2,9.35,-135.7,True,True,True,True
NGC6540,Djorg 3,271.54,-27.765,3.29,-3.31,5.5556,GaiaEDR3plx,2.7379,-0.3183,-0.32077,2.7749,9.3,-5.3,-1,0.6,,,2.5,0.24,,16.4,-3.702,-2.791,0.032,0.032,0.18,17,,,,,,,,True,True,False,True
TERZAN4,HP 4,262.66,-31.596,356.02,1.31,11.111,GaiaEDR3plx,-2.8064,0.771,0.25402,2.9215,16,-6.04,-1.6,2.35,,-50,,,,,-5.462,-3.711,0.06,0.048,0.09,59,,,,,,,,True,True,False,True
NGC6626,M 28,276.14,-24.87,7.8,-5.58,5.5,BH2018,2.8517,-0.7429,-0.5348,2.995,6.79,-8.28,-1.45,0.41,1.08,17,1.67,1.56,8.78,16.08,-0.278,-8.922,0.028,0.028,0.2,321,3.69e+05,2.19,1.76,12.6,49.5,8.89,11,True,True,True,True
NGC6517,NGC6517,270.46,-8.959,19.23,6.76,8.6957,GaiaEDR3plx,0.12161,-2.8441,1.0236,3.0251,10.23,-8.23,-1.37,1.08,1.75,-39.6,1.82,0.62,7.89,17.77,-1.551,-4.47,0.029,0.028,0.115,147,,,,,,,,True,True,False,True
TERZAN12,TERZAN12,273.07,-22.742,8.36,-2.1,5.3476,GaiaEDR3plx,2.9878,-0.77698,-0.19596,3.0934,15.63,,,1.57,,,0.57,0.84,,23.75,-6.222,-3.052,0.037,0.034,0.187,136,,,,,,,,True,True,False,True
NGC6539,NGC6539,271.21,-7.586,20.8,6.78,8.4,BH2018,0.47738,-2.962,0.99168,3.1599,9.33,-8.25,-0.66,1,1.83,-45.6,1.6,1.67,8.38,19.31,-6.896,-3.537,0.026,0.026,0.131,392,2.5e+05,1.55,4.04,5.9,23.9,9.5,35.6,True,True,True,True
NGC6352,NGC6352,261.37,-48.422,341.42,-7.17,5.89,BH2018,2.7356,1.862,-0.73515,3.3899,7.96,-6.43,-0.7,0.21,1.06,-120.9,1.1,2,8.71,18.42,-2.158,-4.447,0.025,0.025,0.19,2335,93800,2.47,3.23,4.4,16.8,9.08,-140.1,True,True,True,True
NGC6553,NGC6553,272.32,-25.909,5.25,-3.02,4.9,BH2018,3.4023,-0.44774,-0.25815,3.4414,8.06,-7.73,-0.25,0.78,1.73,-6.5,1.17,1.55,8.33,18.15,0.344,-0.454,0.03,0.029,0.194,210,2.35e+05,3.13,2.02,8.5,32.8,8.87,0.5,True,True,True,True
NGC6316,NGC6316,259.15,-28.14,357.18,5.76,11.6,BH2018,-3.2525,0.56782,1.1642,3.5009,8.43,-8.58,-0.55,0.55,1.39,71.5,1.55,0.71,8.92,17.4,-4.969,-4.592,0.031,0.03,0.113,62,3.75e+05,2.1,2.72,9,35.9,9.32,99.1,True,True,True,True
NGC6171,M 107,248.13,-13.054,3.37,23.01,6.09,BH2018,2.6792,-0.32951,2.3805,3.5991,7.93,-7.08,-1.04,0.33,1.1,-33.8,1.51,2.7,8.75,18.84,-1.939,-5.979,0.025,0.025,0.194,1668,87000,2.16,3.11,4.3,16.4,8.95,-34.7,True,True,True,True
NGC6712,NGC6712,283.27,-8.706,25.35,-4.32,6.73,BH2018,2.2103,-2.8732,-0.50695,3.6603,8.1,-7.45,-1.01,0.46,1.17,-107.7,0.9,1.37,8.64,18.65,3.363,-4.436,0.027,0.027,0.146,291,1.27e+05,1.41,2.86,5,18.7,9.03,-107.5,True,True,True,True
NGC6139,NGC6139,246.92,-38.849,342.37,6.94,10.4,BH2018,-1.5639,3.1268,1.2566,3.715,8.99,-8.41,-1.65,0.74,1.4,6.7,1.8,0.82,8.59,17.3,-6.081,-2.711,0.027,0.026,0.112,336,3.59e+05,1.9,2.62,9.2,37.8,9.28,25,True,True,True,True
NGC6235,NGC6235,253.35,-22.177,358.92,13.52,11.236,GaiaEDR3plx,-2.6476,0.20591,2.6268,3.7353,9.97,-6.09,-1.4,0.36,1.05,87.3,1.33,0.84,8.56,18.98,-3.931,-7.587,0.027,0.027,0.089,270,,,,,,,,True,True,False,True
NGC6388,NGC6388,264.07,-44.736,345.56,-6.74,11,BH2018,-2.3039,2.7241,-1.291,3.7941,6.72,-9.77,-0.6,0.38,1.17,81.2,1.7,0.67,8.7,14.55,-1.316,-2.709,0.026,0.026,0.1,537,1.06e+06,1.93,1.96,18.2,74.2,9.28,83.4,True,True,True,True
NGC6809,M 55,295,-30.965,8.8,-23.27,5.75,BH2018,3.0549,-0.80811,-2.2716,3.8918,6.32,-7.5,-1.81,0.07,0.72,174.8,0.76,2.89,8.89,19.13,-3.432,-9.311,0.024,0.024,0.209,7483,1.88e+05,2.38,4.7,4.8,17,9.51,174.8,True,True,True,True
NGC6569,NGC6569,273.41,-31.827,0.48,-6.68,12,BH2018,-3.6431,-0.099847,-1.3959,3.9027,8.55,-7.83,-0.86,0.56,1.34,-28.1,1.27,1.33,8.57,18.08,-4.125,-7.354,0.028,0.028,0.112,102,3.02e+05,1.98,2.94,7.5,28.4,9.29,-49.9,True,True,True,True
NGC6441,NGC6441,267.55,-37.051,353.53,-5.01,12,BH2018,-3.603,1.347,-1.048,3.9868,7.15,-9.18,-0.53,0.45,1.27,18.3,1.85,0.64,8.66,14.99,-2.551,-5.348,0.028,0.028,0.083,119,1.23e+06,2.05,2.03,18.8,75.8,9.35,17.1,True,True,True,True
NGC5986,NGC5986,236.51,-37.786,337.02,13.27,9,BH2018,0.21047,3.4199,2.0659,4.0009,7.52,-8.38,-1.67,0.27,0.9,88.9,1.22,1.05,8.78,17.56,-4.192,-4.568,0.026,0.026,0.111,1118,3.01e+05,2.45,2.44,8.3,31.1,9.12,101,True,True,True,True
NGC6535,NGC6535,270.96,-0.298,27.18,10.44,7.28,BH2018,1.9061,-3.2704,1.3192,4.0086,10.47,-4.68,-1.8,0.32,0.94,-215.1,1.3,0.77,8.05,20.22,-4.214,-2.939,0.027,0.026,0.163,400,20000,4.8,2.22,2.8,11.1,8.39,-214.9,True,True,True,True
NGC6093,M 80,244.26,-22.976,352.67,19.46,10.5,BH2018,-1.5443,1.2631,3.4981,4.027,7.33,-7.92,-1.62,0.18,0.84,9.3,1.95,0.65,8.32,15.19,-2.934,-5.578,0.027,0.026,0.102,1247,2.49e+05,1.43,1.83,9.5,40.2,8.94,11.2,True,True,True,True
NGC6402,M 14,264.4,-3.246,21.32,14.81,9.3,BH2018,-0.10074,-3.2689,2.3772,4.0432,7.59,-8.97,-1.39,0.6,1.25,-66.1,1.6,1.29,9.19,18.41,-3.59,-5.059,0.025,0.025,0.129,646,7.74e+05,2.2,3.57,11.1,39,9.6,-60.7,True,True,True,True
NGC6496,NGC6496,269.76,-44.266,348.02,-10.01,11.69,BH2018,-2.9863,2.3896,-2.032,4.3309,8.54,-7.18,-0.64,0.13,0.98,-112.7,0.7,1.87,8.46,20.1,-3.06,-9.271,0.027,0.026,0.119,461,1.06e+05,2.79,5.05,3.4,12.2,9.47,-134.7,True,True,True,True
LYNGA7,LYNGA7,242.76,-55.318,328.77,-2.79,8.2645,GaiaEDR3plx,1.2165,4.2798,-0.40228,4.4675,,,-0.62,0.73,,8,,,,,-3.851,-7.05,0.027,0.027,0.121,147,,,,,,,,True,True,False,True
NGC6218,M 12,251.81,-1.949,15.72,26.31,5.22,BH2018,3.7708,-1.2678,2.3136,4.6021,6.7,-7.27,-1.48,0.19,0.83,-42.1,1.38,2.16,8.86,18.17,-0.191,-6.802,0.024,0.024,0.208,6213,86500,1.27,2.82,4.5,16.9,8.91,-41.2,True,True,True,True
NGC6254,M 10,254.29,-4.1,15.14,23.08,4.71,BH2018,4.0924,-1.1317,1.8464,4.6301,6.6,-7.43,-1.52,0.28,0.9,75.8,1.4,1.81,8.56,17.69,-4.758,-6.597,0.024,0.024,0.196,7269,1.84e+05,1.94,2.78,6.2,24.1,9.15,74,True,True,True,True
IC1276,Pal 7,272.68,-7.208,21.83,5.67,4,BH2018,4.58,-1.4801,0.39519,4.8294,10.34,-7.36,,0.92,1.76,155.3,1.29,2.35,9.15,21.66,-2.553,-4.568,0.026,0.026,0.21,581,54600,1.99,3.16,3.3,12.3,8.9,155.3,True,True,True,True
NGC6144,NGC6144,246.81,-26.023,351.93,15.7,12.02,BH2018,-3.182,1.6244,3.2526,4.8315,9.01,-7,-1.73,0.32,0.96,188.9,1.55,1.62,8.94,20.27,-1.744,-2.607,0.026,0.026,0.132,1586,46300,0.54,5.9,2.2,8,9.25,196,True,True,True,True
NGC5927,NGC5927,232,-50.673,326.6,4.86,8.4,BH2018,1.2875,4.6074,0.71166,4.8366,8.01,-7.8,-0.37,0.47,1.31,-115.7,1.6,1.15,8.71,17.45,-5.056,-3.217,0.025,0.025,0.127,1304,3.54e+05,2.61,4.98,6.5,24.9,9.54,-104.1,True,True,True,True
NGC5946,NGC5946,233.87,-50.66,327.58,4.19,8.9286,GaiaEDR3plx,0.75817,4.774,0.65236,4.8777,9.61,-7.55,-1.38,0.55,1.29,119.5,2.5,0.69,8.84,17.42,-5.331,-1.657,0.028,0.027,0.112,180,,,,,,,,True,True,False,True
TERZAN6,HP 5,267.69,-31.275,358.57,-2.16,13.158,GaiaEDR3plx,-4.8695,0.32813,-0.49592,4.9056,13.85,-6.84,-0.65,2.04,,126,2.5,0.44,,20.76,-4.979,-7.431,0.048,0.039,0.076,49,1.17e+05,1.15,1.48,8.7,32.8,8.45,136.6,True,True,True,True
NGC6760,NGC6760,287.8,1.03,36.11,-3.92,7.4,BH2018,2.3106,-4.3509,-0.50589,4.9523,8.88,-7.85,-0.52,0.78,1.66,-27.5,1.59,2.18,8.8,18.79,-1.107,-3.615,0.026,0.026,0.132,324,2.54e+05,2.29,2.82,7.2,28.6,9.24,-1.6,True,True,True,True
NGC6749,NGC6749,286.31,1.901,36.2,-2.2,7.8,BH2018,1.9853,-4.6033,-0.29942,5.0221,12.44,-6.65,-1.6,1.5,2.14,-58.5,0.83,1.1,,21.54,-2.829,-6.006,0.028,0.027,0.138,259,56800,1.45,3.37,3.2,11.8,8.98,-58.5,True,True,True,True
NGC6656,M 22,279.1,-23.905,9.89,-7.55,3.1,BH2018,5.2475,-0.52783,-0.40731,5.2897,5.1,-8.45,-1.64,0.34,0.98,-148.9,1.31,3.26,8.86,17.32,9.851,-5.617,0.023,0.023,0.306,4337,4.16e+05,2.15,3.26,8.4,32.3,9.45,-147.8,True,True,True,True
NGC6752,NGC6752,287.72,-59.985,336.5,-25.63,4.3,BH2018,4.7196,1.5459,-1.86,5.3033,5.4,-7.68,-1.55,0.04,0.66,-24.5,2.5,2.34,8.65,15.2,-3.161,-4.027,0.022,0.022,0.254,16348,2.39e+05,2.17,2.4,8.3,34.5,9.16,-26.2,True,True,True,True
NGC6362,NGC6362,262.98,-67.048,325.55,-17.57,8,BH2018,1.9858,4.3144,-2.415,5.3282,7.73,-6.92,-1.06,0.09,0.85,-13.1,1.1,2.18,8.83,19.19,-5.506,-4.763,0.024,0.024,0.136,5678,1.47e+05,2.6,5.77,3.9,14.2,9.51,-14.7,True,True,True,True
NGC6366,NGC6366,261.93,-5.08,18.41,16.04,3.3,BH2018,5.2658,-1.0016,0.91182,5.4372,9.2,-5.72,-0.82,0.69,1.44,-122.3,0.92,2.63,8.5,21.24,-0.332,-5.16,0.025,0.024,0.285,1663,47300,2.34,3.31,3,11.2,8.89,-120.9,True,True,True,True
NGC6544,NGC6544,271.84,-24.997,5.84,-2.2,2.46,BH2018,5.8296,-0.25012,-0.094434,5.8357,7.77,-6.51,-1.56,0.74,1.46,-27.3,1.63,1.77,7.82,17.13,-2.304,-18.604,0.031,0.03,0.399,322,63400,1.88,1.37,6.4,25.1,8.25,-36.4,True,True,True,True
NGC6397,NGC6397,265.18,-53.674,338.17,-11.96,2.48,BH2018,6.0228,0.90218,-0.51393,6.1117,5.73,-6.58,-1.95,0.18,0.73,18.9,2.5,2.33,8.35,15.65,3.26,-17.664,0.023,0.022,0.416,12318,88900,2.18,2.19,5.2,21.9,8.96,18.4,True,True,True,True
NGC6121,M 4,245.9,-26.526,350.97,15.97,2.14,BH2018,6.2431,0.32291,0.58879,6.2791,5.63,-7.15,-1.2,0.36,1.03,70.2,1.59,3.65,8.64,17.88,-12.514,-19.022,0.023,0.023,0.556,5210,96900,1.71,2.82,4.6,18.4,8.99,71,True,True,True,True
NGC5904,M 5,229.64,2.081,3.86,46.8,7.5,BH2018,3.1525,-0.34562,5.4673,6.3205,5.65,-8.76,-1.29,0.03,0.72,52.1,1.87,2.11,9.13,16.05,4.086,-9.87,0.023,0.023,0.141,9163,3.72e+05,1.52,3.61,7.7,29.9,9.45,53.8,True,True,True,True
NGC6584,NGC6584,274.66,-52.216,342.14,-16.41,13.18,BH2018,-3.7588,3.8775,-3.7235,6.5596,8.27,-7.63,-1.49,0.11,0.76,222.9,1.2,0.8,8.53,17.79,-0.09,-7.202,0.026,0.025,0.077,857,90700,1.12,2.98,4.2,16.6,9.12,222.9,True,True,True,True
NGC5139,omega Cen,201.7,-47.48,309.1,14.97,5.2,BH2018,5.1068,3.8985,1.3432,6.5637,3.68,-10.24,-1.62,0.12,0.78,232.3,1.24,4.18,9.72,16.77,-3.25,-6.746,0.022,0.022,0.193,53127,3.55e+06,2.9,7.04,17.6,62.1,10.39,232.7,True,True,True,True
NGC6838,M 71,298.44,18.779,56.74,-4.56,3.86,BH2018,6.1647,-3.2175,-0.30688,6.9606,8.19,-5.51,-0.73,0.25,1.09,-22.9,1.15,1.65,8.1,19.22,-3.416,-2.656,0.025,0.024,0.251,3021,49100,2.76,2.95,3.3,13.1,8.9,-22.5,True,True,True,True
NGC6356,NGC6356,260.9,-17.813,6.72,10.22,15.1,BH2018,-6.4833,-1.7389,2.6792,7.2274,8.25,-8.48,-0.5,0.29,1.13,27,1.54,0.74,9.11,17.09,-3.75,-3.392,0.026,0.026,0.096,441,3.98e+05,1.62,3.71,7.8,30.7,9.54,37.6,True,True,True,True
NGC7099,M 30,325.09,-23.18,27.18,-46.83,8.1,BH2018,3.3452,-2.5314,-5.9075,7.2455,7.19,-7.38,-2.12,0.03,0.6,-184.2,2.5,1.15,8.55,15.28,-0.737,-7.299,0.025,0.024,0.136,2990,1.33e+05,1.85,2.44,5.5,22.9,9.26,-185.3,True,True,True,True
NGC6284,NGC6284,256.12,-24.765,358.35,9.94,15.3,BH2018,-6.7891,0.43393,2.641,7.2976,8.83,-7.82,-1.32,0.28,0.99,29.7,2.5,0.78,8.54,16.65,-3.2,-2.002,0.029,0.028,0.098,152,5.51e+05,3.42,3.91,8.9,36.2,9.67,29,True,True,True,True
NGC4372,NGC4372,186.44,-72.659,300.99,-9.88,6.3,BH2018,5.0793,5.3206,-1.081,7.4348,7.24,-7.52,-2.09,0.42,1.1,72.3,1.3,3.9,9.23,20.51,-6.409,3.297,0.024,0.024,0.187,2552,2.49e+05,1.89,6.34,4.9,16.4,9.77,75.3,True,True,True,True
NGC104,47 Tuc,6.024,-72.081,305.9,-44.89,4.41,BH2018,6.443,2.5308,-3.1123,7.5897,3.95,-9.37,-0.76,0.05,0.88,-18.7,2.04,2.79,9.24,14.43,5.252,-2.551,0.021,0.021,0.232,39932,7.79e+05,1.77,3.57,12.2,49.9,9.58,-17.2,True,True,True,True
PAL10,PAL10,289.51,18.572,52.44,2.72,8.9286,GaiaEDR3plx,2.8383,-7.0698,0.42371,7.6301,13.22,-5.74,-0.1,1.66,,,0.58,0.99,,22.03,-4.322,-7.173,0.029,0.029,0.112,117,,,,,,,,True,True,False,True
NGC5897,NGC5897,229.35,-21.01,342.95,30.29,13.43,BH2018,-2.8119,3.4002,6.7738,8.0841,8.53,-7.24,-1.8,0.08,0.74,101.5,0.79,2.11,9.31,20.49,-5.422,-3.393,0.025,0.025,0.105,2234,2.03e+05,3.05,8.02,3.9,13.2,9.92,101.2,True,True,True,True
BH176,BH176,234.78,-50.05,328.41,4.34,13.889,GaiaEDR3plx,-3.5219,7.2547,1.051,8.1326,14,-4.3,,0.77,,,,,,23.36,-3.989,-3.057,0.029,0.029,0.072,90,,,,,,,,True,True,False,True
NGC4833,NGC4833,194.89,-70.877,303.61,-8.01,9,BH2018,3.3418,7.4223,-1.2541,8.2359,6.91,-7.96,-1.79,0.33,0.93,200.2,1.25,2.41,8.77,18.45,-8.377,-0.963,0.025,0.025,0.164,2941,2.47e+05,0.84,6.75,4.8,17.9,9.63,202,True,True,True,True
NGC6205,M 13,250.42,36.46,59.01,40.91,6.6,BH2018,5.7068,-4.2759,4.3222,8.3386,5.78,-8.5,-1.54,0.02,0.68,-246.6,1.49,1.49,8.96,16.8,-3.149,-2.574,0.023,0.023,0.127,9638,4.53e+05,2.61,3.08,9.2,33.4,9.36,-244.4,True,True,True,True
NGC6981,M 72,313.37,-12.537,35.16,-32.68,11.905,GaiaEDR3plx,0.08299,-5.7703,-6.4279,8.6384,9.27,-7.01,-1.54,0.05,0.72,-345.1,1.23,0.88,8.93,18.9,-1.274,-3.361,0.026,0.026,0.084,765,,,,,,,,True,True,False,True
NGC5286,NGC5286,206.61,-51.374,311.61,10.57,11.7,BH2018,0.63737,8.5994,2.1462,8.8861,7.34,-8.56,-1.67,0.24,0.88,58.3,1.46,0.69,8.61,16.07,0.198,-0.153,0.025,0.025,0.088,847,4.01e+05,1.41,2.64,9.3,36,9.3,62.2,True,True,True,True
PAL11,PAL11,296.31,-8.007,31.81,-15.58,14.3,BH2018,-3.4306,-7.2606,-3.8407,8.9015,9.8,-6.76,-0.39,0.34,1.27,-68,0.69,1.49,9.06,20.33,-1.766,-4.971,0.03,0.028,0.109,172,1.48e+05,2.26,6.63,3.7,12.3,9.64,-67.2,True,True,True,True
NGC3201,NGC3201,154.4,-46.412,277.23,8.64,4.7,BH2018,7.6902,4.6097,0.70606,8.9937,6.75,-7.42,-1.48,0.21,0.96,494,1.31,2.68,8.79,18.77,8.348,-1.958,0.022,0.022,0.222,11398,1.49e+05,2.4,3.77,4.5,16.8,9.42,494.3,True,True,True,True
E3,E3,140.24,-77.282,292.27,-19.02,8.09,BH2018,5.3765,7.0778,-2.6365,9.2711,11.35,-2.72,-0.8,0.3,,4.8,0.75,2.06,,23.1,-2.727,7.083,0.027,0.027,0.146,252,30600,8.08,5.45,1.8,6.5,9.26,4.8,True,True,True,True
UKS1,UKS1,268.61,-24.145,5.12,0.76,17.857,GaiaEDR3plx,-9.5093,-1.5935,0.23686,9.6448,17.29,-6.18,-1.2,2.93,,,2.1,0.86,,25.52,-2.023,-2.76,0.107,0.069,0.056,112,,,,,,,,True,True,False,True
NGC6341,M 92,259.28,43.136,68.34,34.86,8.1,BH2018,5.8218,-6.1772,4.6297,9.6688,6.44,-8.15,-2.29,0.02,0.63,-121.6,1.81,1.09,8.56,15.58,-4.935,-0.625,0.024,0.024,0.112,4365,2.68e+05,1.81,2.28,8,31.9,9.24,-120.7,True,True,True,True
AM4,AM4,209.09,-27.167,320.15,33.54,12.658,GaiaEDR3plx,0.17502,6.7606,6.9939,9.7289,15.9,-1.55,-2,0.04,,,0.5,0.42,,24.75,-0.291,-2.512,0.445,0.344,0.079,8,,,,,,,,True,True,False,True
NGC362,NGC362,15.809,-70.849,301.53,-46.25,9.4,BH2018,4.8757,5.5406,-6.7902,10.029,6.4,-8.35,-1.16,0.05,0.77,223.5,1.94,0.81,8.43,14.88,6.694,-2.535,0.025,0.024,0.114,3878,3.45e+05,1.65,2.32,8.8,35.4,9.3,223.5,True,True,True,True
NGC7078,M 15,322.49,12.167,65.01,-27.31,9.9,BH2018,4.5588,-7.973,-4.5422,10.246,6.2,-9.11,-2.22,0.09,0.68,-107.5,2.5,1.06,9.01,14.21,-0.659,-3.803,0.024,0.024,0.097,4699,4.53e+05,1.15,1.9,12.9,48.5,9.18,-106.5,True,True,True,True
IC1257,IC1257,261.79,-7.093,16.53,15.14,17.544,GaiaEDR3plx,-7.96,-4.8183,4.5821,10.372,13.1,-6.1,-1.7,0.73,1.38,,,,,,-1.007,-1.492,0.04,0.032,0.057,64,,,,,,,,True,True,False,True
NGC7089,M 2,323.36,-0.823,53.38,-35.78,11.5,BH2018,2.7099,-7.488,-6.7238,10.422,6.47,-8.97,-1.62,0.05,0.66,-5.3,1.8,0.93,9.05,15.92,3.435,-2.159,0.025,0.024,0.082,3091,5.82e+05,1.62,3,10.6,42.1,9.44,-3.6,True,True,True,True
NGC4590,M 68,189.87,-26.744,299.63,36.05,10.59,BH2018,4.0419,7.4424,6.2321,10.515,7.84,-7.3,-2.06,0.04,0.63,-95.2,1.64,1.55,8.9,18.67,-2.739,1.779,0.024,0.024,0.113,3284,1.23e+05,2.02,4.51,3.7,14.1,9.55,-93.2,True,True,True,True
NGC6934,NGC6934,308.55,7.404,52.1,-18.89,14,BH2018,0.13819,-10.452,-4.5325,11.393,8.83,-7.45,-1.54,0.12,0.77,-411.4,1.53,0.6,8.64,17.26,-2.655,-4.689,0.026,0.026,0.078,745,1.17e+05,1.76,2.63,4.7,17.9,9.17,-406.1,True,True,True,True
NGC2808,NGC2808,138.01,-64.863,282.19,-11.25,9.8,BH2018,6.2455,9.395,-1.9119,11.442,6.2,-9.35,-1.37,0.23,0.92,93.6,1.77,0.76,8.77,15.17,0.994,0.273,0.024,0.024,0.112,4740,7.42e+05,1.64,2.06,14.4,55.6,9.21,103.7,True,True,True,True
NGC6101,NGC6101,246.45,-72.202,317.75,-15.82,16.07,BH2018,-3.1697,10.396,-4.3809,11.718,9.16,-6.86,-1.82,0.04,0.68,361.4,0.8,1.71,9.22,20.12,1.756,-0.258,0.024,0.025,0.084,2421,1.27e+05,3,10.32,2.7,9.6,9.98,361.4,True,True,True,True
NGC5272,M 3,205.55,28.377,42.21,78.71,10.06,BH2018,6.8162,-1.3232,9.8653,12.064,6.19,-8.85,-1.57,0.01,0.69,-148.6,1.85,1.12,9.02,16.34,-0.152,-2.67,0.023,0.022,0.11,8992,3.94e+05,1.56,3.36,8.1,31.7,9.47,-147.2,True,True,True,True
NGC6779,M 56,289.15,30.183,62.66,8.34,13.49,BH2018,2.145,-11.856,1.9567,12.207,8.27,-7.33,-1.94,0.2,0.86,-135.7,1.37,1.16,8.7,18.06,-2.018,1.618,0.025,0.025,0.091,1567,2.81e+05,1.58,4.38,6.1,23.4,9.49,-122,True,True,True,True
TERZAN7,TERZAN7,289.43,-34.658,3.39,-20.07,20,GaiaEDR3plx,-10.478,-1.1108,-6.8634,12.575,12,-5,-0.58,0.06,,166,1.08,0.97,,20.65,-3.002,-1.651,0.029,0.029,0.05,116,16600,1,13.07,0.8,3.2,9.84,159.6,True,True,True,True
NGC288,NGC288,13.188,-26.583,152.28,-89.38,9.8,BH2018,8.3689,-0.049327,-9.7994,12.887,8.09,-6.55,-1.24,0.03,0.65,-46.6,0.96,2.22,8.99,19.95,4.164,-5.705,0.024,0.024,0.141,4689,1.16e+05,2.39,6.99,3.3,11,9.58,-44.8,True,True,True,True
TERZAN8,TERZAN8,295.44,-33.999,5.76,-24.56,20,GaiaEDR3plx,-9.8237,-1.8256,-8.3129,12.998,12.4,-5.06,-1.87,0.14,,130,0.6,1,,22.82,-2.496,-1.581,0.027,0.026,0.05,354,43900,4.02,15.26,1.4,4.5,10.07,148.2,True,True,True,True
NGC6426,NGC6426,266.23,3.17,28.09,16.23,19.608,GaiaEDR3plx,-8.3338,-8.8646,5.4803,13.344,11.01,-6.6,-2.26,0.36,1.02,-162,1.7,0.96,8.86,20.37,-1.828,-2.999,0.026,0.026,0.051,130,,,,,,,,True,True,False,True
NGC6864,M 75,301.52,-21.921,20.3,-25.75,20,BH2018,-8.6201,-6.2497,-8.6889,13.743,8.52,-8.3,-1.32,0.16,0.87,-189.3,1.88,0.47,8.72,15.55,-0.598,-2.81,0.026,0.026,0.069,367,5.86e+05,2.94,2.46,11.8,47.1,9.31,-188.6,True,True,True,True
TERZAN1,HP 2,263.95,-30.481,357.57,1,22.727,GaiaEDR3plx,-14.428,0.96346,0.39665,14.466,15.9,-3.25,-0.35,1.64,,35,2.5,3.82,,25.09,-2.806,-4.861,0.055,0.055,0.044,34,2.23e+05,3.22,2.27,7.8,30.2,8.99,57.7,True,True,True,True
IC4499,IC4499,225.08,-82.214,307.35,-20.47,18.2,BH2018,-2.0694,13.554,-6.3648,15.117,9.76,-7.28,-1.6,0.23,0.91,38.7,1.11,1.5,9.45,20.92,0.466,-0.489,0.025,0.025,0.054,589,1.67e+05,2.25,9.83,3.1,11.2,10.06,38.7,True,True,True,True
PAL1,PAL1,53.333,79.581,130.07,19.03,8.9286,GaiaEDR3plx,13.708,-6.4592,2.9113,15.431,13.52,-1.88,-0.8,0.15,0.96,,1.5,0.48,7.53,22.16,-0.252,0.007,0.034,0.037,0.112,92,,,,,,,,True,True,False,True
NGC6715,M 54,283.76,-30.48,5.61,-14.09,23.5,BH2018,-14.409,-2.2282,-5.721,15.662,7.6,-9.96,-1.59,0.15,0.85,141.9,1.84,0.49,9.03,14.82,-2.679,-1.387,0.025,0.025,0.053,1122,1.41e+06,2.04,3.2,16.2,53.5,9.77,142.3,True,True,True,True
PAL12,PAL12,326.66,-21.253,30.51,-47.68,19.05,BH2018,-2.775,-6.5115,-14.085,15.764,11.99,-4.43,-0.93,0.02,1.07,27.8,1.94,1.28,,20.59,-3.22,-3.333,0.029,0.028,0.05,185,11900,2.92,6.98,1,3.6,9.18,28.2,True,True,True,True
NGC2298,NGC2298,102.25,-36.005,245.63,-16.01,10.8,BH2018,12.559,9.4561,-2.9787,16,9.29,-6.25,-1.85,0.13,0.75,148.9,1.28,0.78,8.36,18.79,3.32,-2.175,0.025,0.026,0.121,1047,11600,0.46,2.95,1.6,6.1,8.52,144.7,True,True,True,True
NGC1851,NGC1851,78.528,-40.047,244.51,-35.04,11.4,BH2018,12.292,8.4252,-6.5453,16.276,7.14,-8.35,-1.26,0.02,0.76,320.9,2.24,0.52,8.5,14.15,2.145,-0.65,0.024,0.024,0.088,2497,3.02e+05,2.02,1.65,10.2,42.9,9.02,320.2,True,True,True,True
NGC5466,NGC5466,211.36,28.534,42.15,73.59,16.9,BH2018,4.7353,-3.204,16.212,17.19,9.04,-7.06,-2.22,0,0.67,107.7,1.43,2.25,9.37,21.28,-5.342,-0.822,0.025,0.024,0.057,2210,45600,1.13,10.72,1.6,5.3,9.83,106.9,True,True,True,True
NGC1261,NGC1261,48.068,-55.216,270.54,-52.13,15.49,BH2018,8.1854,9.5085,-12.228,17.519,8.29,-7.76,-1.35,0.01,0.72,68.2,1.27,0.75,8.81,17.65,1.596,-2.064,0.025,0.025,0.068,1218,1.67e+05,2.12,3.08,5.6,21.2,9.19,71.5,True,True,True,True
NGC5053,NGC5053,199.11,17.7,335.69,78.94,17.2,BH2018,5.268,1.3584,16.881,17.736,9.47,-6.67,-2.29,0.03,0.65,44,0.82,3.5,9.59,22.19,-0.329,-1.213,0.025,0.025,0.05,1453,56600,1.66,13.41,1.6,5.3,10,42.5,True,True,True,True
NGC5024,M 53,198.23,18.168,332.96,79.76,17.9,BH2018,5.4407,1.4466,17.615,18.493,7.61,-8.75,-2.07,0.01,0.64,-79.1,1.78,1.11,9.42,17.39,-0.133,-1.331,0.024,0.024,0.067,3398,3.8e+05,1.59,6.23,5.9,22.4,9.92,-63.1,True,True,True,True
PAL5,PAL5,229.02,-0.121,0.85,45.86,23.55,BH2018,-8.1237,-0.2433,16.9,18.753,11.75,-5.12,-1.38,0.03,,-55,0.74,2.96,9.59,24.67,-2.73,-2.654,0.028,0.027,0.048,233,13900,1.6,25.1,0.6,1.9,10.24,-58.4,True,True,True,True
NGC1904,M 79,81.044,-24.524,227.23,-29.35,13.27,BH2018,16.129,8.4909,-6.5042,19.354,7.73,-7.8,-1.54,0.01,0.65,207.5,1.72,0.8,8.66,16.23,2.469,-1.594,0.025,0.025,0.088,1556,1.69e+05,1.72,2.59,6.5,26.2,9.1,205.6,True,True,True,True
NGC4147,NGC4147,182.53,18.543,252.85,77.19,18.2,BH2018,9.4649,3.8559,17.747,20.479,10.32,-6.11,-1.83,0.02,0.59,183.2,1.8,0.43,8.37,17.63,-1.707,-2.09,0.027,0.027,0.029,347,32900,1.51,2.49,3.1,11.9,8.59,179.1,True,True,True,True
RUP106,RUP106,189.67,-51.15,300.89,11.67,24.3,BH2018,-3.9425,20.422,4.9153,21.372,10.9,-6.32,-1.8,0.21,,-44,0.7,1.1,,21.82,-1.254,0.401,0.026,0.026,0.067,302,1.02e+05,2.62,10.47,2.5,8.2,9.94,-38.4,True,True,True,True
NGC5634,NGC5634,217.41,-5.976,342.21,49.26,27.2,BH2018,-8.6276,5.4236,20.609,22.991,9.47,-7.7,-1.82,0.05,0.67,-45.1,1.6,0.54,8.98,17.49,-1.692,-1.478,0.027,0.026,0.056,339,2.13e+05,2.32,4.69,5.3,21.7,9.56,-16.2,True,True,True,True
ARP2,ARP2,292.18,-30.356,8.55,-20.78,32.36,BH2018,-21.644,-4.4981,-11.481,24.91,12.3,-5.24,-1.76,0.11,0.86,115,0.9,1.91,9.46,24.21,-2.331,-1.475,0.031,0.029,0.026,156,1.09e+05,10.03,16.74,2,6.9,10.32,122.5,True,True,True,True
NGC5824,NGC5824,225.99,-33.068,332.55,22.07,31.8,BH2018,-17.877,13.585,11.949,25.434,9.09,-8.79,-1.85,0.13,0.75,-38.4,2.45,0.36,9.18,15.08,-1.189,-2.234,0.026,0.026,0.057,514,7.79e+05,2.3,3.74,11.9,48.6,9.78,-25.5,True,True,True,True
NGC7492,NGC7492,347.11,-15.611,53.39,-63.48,26.55,BH2018,1.2052,-9.516,-23.756,25.62,11.29,-5.72,-1.51,0,0.42,-207.6,1,1.22,9.11,21.33,0.756,-2.32,0.028,0.028,0.073,190,25800,1.21,7.51,1.4,4.3,9.47,-176.7,True,True,True,True
ERIDANUS,ERIDANUS,66.185,-21.187,218.11,-41.33,20,GaiaEDR3plx,20.092,9.2689,-13.208,25.769,14.7,-4.9,-1.46,0.02,0.79,-23.6,1.1,0.4,,22.81,0.51,-0.301,0.039,0.041,0.05,44,,,,,,,,True,True,False,True
PAL13,PAL13,346.69,12.772,87.1,-42.7,24.8,BH2018,7.3529,-18.203,-16.818,25.851,13.8,-3.46,-1.65,0.05,0.72,-28,0.66,0.46,,23.36,1.748,0.104,0.049,0.047,-0.037,72,27400,10.74,11.08,1.2,4.6,9.85,25.7,True,True,True,True
NGC6229,NGC6229,251.75,47.528,73.64,40.31,30.62,BH2018,1.6981,-22.404,19.809,29.954,9.39,-7.98,-1.44,0.01,0.7,-154.2,1.61,0.37,8.9,16.99,-1.171,-0.467,0.026,0.027,0.041,256,2.91e+05,2.42,3.18,7.1,27.3,9.35,-138.3,True,True,True,True
NGC5694,NGC5694,219.9,-26.539,331.06,30.36,37.33,BH2018,-19.914,15.587,18.868,31.551,10.17,-7.76,-1.86,0.09,0.69,-145.8,1.84,0.33,8.79,16.34,-0.464,-1.105,0.029,0.029,0.034,149,3.83e+05,2.78,3.31,8.9,35.2,9.53,-139.4,True,True,True,True
PAL15,PAL15,254.96,-0.539,18.87,24.3,41.667,GaiaEDR3plx,-27.659,-12.282,17.146,34.783,14,-5.43,-1.9,0.4,,68.9,0.6,1.21,,24.87,-0.592,-0.901,0.037,0.034,0.024,125,,,,,,,,True,True,False,True
PAL2,PAL2,71.525,31.381,170.53,-9.07,27.2,BH2018,34.769,-4.4193,-4.2878,35.31,13.04,-7.95,-1.3,1.24,2.08,-133,1.45,0.67,8.04,19.39,1.045,-1.522,0.034,0.031,0.042,180,3.35e+05,1.66,4.98,6.1,22.9,9.72,-134.9,True,True,True,True
PYXIS,PYXIS,136.99,-37.221,261.32,7,39.4,BH2018,14.177,38.658,4.8017,41.455,12.9,-5.68,-1.2,0.21,,40.4,0.65,1.35,,,1.03,0.138,0.032,0.035,0.016,69,44900,2.95,18.09,1.3,4.1,10.22,40.4,True,True,True,True
NGC7006,NGC7006,315.37,16.187,63.77,-19.41,58.8,BH2018,-16.236,-49.747,-19.541,55.859,10.56,-7.64,-1.68,0.05,0.75,-377.6,1.42,0.38,8.97,18.5,-0.128,-0.633,0.027,0.027,0.035,174,2.29e+05,1.23,6.68,4.4,16.1,9.87,-383.2,True,True,True,True
PAL14,AvdB,242.75,14.958,28.75,42.18,71,BH2018,-37.853,-25.307,47.674,65.925,14.74,-4.68,-1.52,0.04,,76.6,0.72,1.15,9.66,25.55,-0.463,-0.413,0.038,0.038,0.035,80,22700,3.4,23.6,0.8,2.6,10.27,72.2,True,True,True,True
NGC2419,NGC2419,114.53,38.882,180.37,25.24,83.2,BH2018,83.53,0.48598,35.477,90.753,10.39,-9.53,-2.12,0.11,0.66,-20,1.4,0.73,10.28,19.83,0.007,-0.523,0.028,0.026,0.003,333,9.81e+05,2.23,18.29,7.1,22.2,10.74,-20.6,True,True,True,True
PAL3,PAL3,151.38,0.072,240.14,41.86,92.5,BH2018,42.575,59.746,61.726,95.877,14.26,-5.59,-1.66,0.03,,83.4,1,0.66,9.64,23.08,0.086,-0.148,0.06,0.071,-0.001,61,61500,2.85,19.69,1.4,4.7,10.32,89.9,True,True,True,True
PAL4,PAL4,172.32,28.974,202.31,71.8,103,BH2018,38.037,12.212,97.847,105.69,14.2,-5.82,-1.48,0.01,,74.5,0.78,0.54,9.54,23.54,-0.188,-0.476,0.042,0.041,-0.025,96,29800,1.64,17.87,1,3.4,10.15,72.7,True,True,True,True
AM1,E 1,58.76,-49.615,258.36,-48.47,119.1,Harris,24.207,77.341,-89.159,120.49,15.72,-4.66,-1.8,0,0.72,116,1.23,0.5,9.46,23.86,0.291,-0.177,0.107,0.086,-0.015,58,,,,,,,,True,True,False,True
KO2,KO2,119.57,26.255,,,2.5445,GaiaEDR3plx,,,,,,,,,,,,,,,-0.601,-0.025,0.189,0.129,0.393,7,,,,,,,,False,True,False,True
ESO93-8,ESO93-8,169.93,-65.22,,,9.901,GaiaEDR3plx,,,,,,,,,,,,,,,-4.068,1.4,0.033,0.034,0.101,32,,,,,,,,False,True,False,True
BLISS1,BLISS1,177.51,-41.772,,,40,GaiaEDR3plx,,,,,,,,,,,,,,,-2.34,0.138,0.042,0.038,0.025,10,,,,,,,,False,True,False,True
BH140,BH140,193.47,-67.177,,,4.5662,GaiaEDR3plx,,,,,,,,,,,,,,,-14.848,1.224,0.024,0.024,0.219,1197,,,,,,,,False,True,False,True
KIM3,KIM3,200.69,-30.601,,,9.7087,GaiaEDR3plx,,,,,,,,,,,,,,,-0.849,3.396,0.178,0.14,0.103,9,,,,,,,,False,True,False,True
MUNOZ1,MUNOZ1,225.45,66.969,,,4.5249,GaiaEDR3plx,,,,,,,,,,,,,,,-0.1,-0.02,0.203,0.207,0.221,5,,,,,,,,False,True,False,True
FSR1716,FSR1716,242.62,-53.749,,,9.2593,GaiaEDR3plx,,,,,,,,,,,,,,,-4.354,-8.832,0.033,0.031,0.108,62,,,,,,,,False,True,False,True
FSR1758,FSR1758,262.8,-39.808,,,8.1967,GaiaEDR3plx,,,,,,,,,,,,,,,-2.881,2.519,0.026,0.025,0.122,296,,,,,,,,False,True,False,True
VVVCL002,VVVCL002,265.28,-28.845,,,7.1429,GaiaEDR3plx,,,,,,,,,,,,,,,-8.867,2.39,0.142,0.085,0.14,14,,,,,,,,False,True,False,True
VVVCL001,VVVCL001,268.68,-24.015,,,6.3291,GaiaEDR3plx,,,,,,,,,,,,,,,-3.486,-1.675,0.155,0.106,0.158,27,,,,,,,,False,True,False,True
GRAN1,GRAN1,269.65,-32.02,,,13.158,GaiaEDR3plx,,,,,,,,,,,,,,,-8.163,-8.045,0.038,0.036,0.076,19,,,,,,,,False,True,False,True
PFLEIDERER2,PFLEIDERER2,269.66,-5.07,,,10.638,GaiaEDR3plx,,,,,,,,,,,,,,,-2.784,-4.158,0.034,0.031,0.094,108,,,,,,,,False,True,False,True
ESO280-06,ESO280-06,272.27,-46.423,,,24.39,GaiaEDR3plx,,,,,,,,,,,,,,,-0.688,-2.777,0.039,0.033,0.041,45,,,,,,,,False,True,False,True
ESO456-78,ESO456-78,273.53,-28.635,,,5.2356,GaiaEDR3plx,,,,,,,,,,,,,,,3.566,-3.59,0.043,0.037,0.191,21,,,,,,,,False,True,False,True
MERCER5,MERCER5,275.83,-13.669,,,4.4843,GaiaEDR3plx,,,,,,,,,,,,,,,-3.965,-7.22,0.114,0.111,0.223,40,,,,,,,,False,True,False,True
RLGC2,RLGC2,281.37,-5.192,,,11.905,GaiaEDR3plx,,,,,,,,,,,,,,,-2.396,-1.794,0.077,0.069,0.084,34,,,,,,,,False,True,False,True
LAEVENS3,LAEVENS3,316.73,14.984,,,7.9365,GaiaEDR3plx,,,,,,,,,,,,,,,0.172,-0.666,0.101,0.08,0.126,21,,,,,,,,False,True,False,True
TER3,TER3,,,,,8.1,BH2018,,,,,,,,,,-135.7,,,,,,,,,,,54600,7.7,5.27,2.4,9.2,9.35,-135.7,False,False,True,True
TER1,TER1,,,,,6.7,BH2018,,,,,,,,,,57.7,,,,,,,,,,,2.23e+05,3.22,2.27,7.8,30.2,8.99,57.7,False,False,True,True
TER5,TER5,,,,,5.9,BH2018,,,,,,,,,,-82.3,,,,,,,,,,,5.66e+05,1.31,1.14,19,72.1,8.59,-82.3,False,False,True,True
TER6,TER6,,,,,6.7,BH2018,,,,,,,,,,136.6,,,,,,,,,,,1.17e+05,1.15,1.48,8.7,32.8,8.45,136.6,False,False,True,True
TER7,TER7,,,,,26.91,BH2018,,,,,,,,,,159.6,,,,,,,,,,,16600,1,13.07,0.8,3.2,9.84,159.6,False,False,True,True
TER8,TER8,,,,,26.73,BH2018,,,,,,,,,,148.2,,,,,,,,,,,43900,4.02,15.26,1.4,4.5,10.07,148.2,False,False,True,True
WHITING1,WHITING1,30.737,-3.253,,,,,,,,,,,,,,,,,,,-0.228,-2.046,0.065,0.056,0.017,40,,,,,,,,False,True,False,False
LAEVENS1,LAEVENS1,174.07,-10.877,,,,,,,,,,,,,,,,,,,-0.059,-0.116,0.125,0.116,0.003,15,,,,,,,,False,True,False,False
KO1,KO1,179.83,12.26,,,,,,,,,,,,,,,,,,,-1.513,-0.814,0.135,0.105,-0.048,6,,,,,,,,False,True,False,False
RLGC1,RLGC1,244.29,-44.593,,,,,,,,,,,,,,,,,,,1.022,0.77,0.055,0.047,-0.066,77,,,,,,,,False,True,False,False
FSR1735,FSR1735,253.04,-47.058,,,,,,,,,,,,,,,,,,,-4.439,-1.534,0.054,0.048,-0.072,56,,,,,,,,False,True,False,False
SEGUE3,SEGUE3,320.38,19.117,,,,,,,,,,,,,,,,,,,-0.981,-1.667,0.121,0.081,-0.005,21,,,,,,,,False,True,False,False
